{"nodes":["0,0","34,0.1","19,0.1","-2.2,7.999999999999999","5.6000000000000005,5.899999999999999","13.600000000000001,6.600000000000001","33.8,8.200000000000001","27.5,13.8","19.400000000000002,14.9","11.399999999999999,15.200000000000001","3.5,13.7","25.9,4.3"],"members":["3,0","4,0","3,4","3,10","4,10","10,9","4,5","2,5","9,5","9,8","7,8","7,6","6,1","2,8","5,8","10,5","2,11","11,7","11,6","11,1","8,11"],"supports":{"0":"P","1":"Rh"},"forces":["2,0,-1"],"workspace":{"workspace-width":45.700000000000195,"workspace-height":24.27812500000018,"workspace-width-pixels":1379,"Yaxis-dist-from-left":7.396534599930378,"Xaxis-dist-from-bottom":6.990039764560374,"grid-x":0.1,"grid-y":0.1,"force-scale":20}}