{"nodes":["0,0","30,0","12,0","20,0","0,7","5.599999999999999,11.299999999999999","12.6,12.299999999999999","19.5,11","25.400000000000002,6.199999999999999"],"members":["0,2","3,2","3,1","0,4","4,5","5,6","6,7","7,8","8,1","3,8","6,2","2,5","4,2","2,7","7,3"],"supports":{"0":"P","1":"Rh"},"forces":["2,0,-20"],"workspace":{"workspace-width":32,"workspace-height":17,"workspace-width-pixels":1386,"Yaxis-dist-from-left":1.0465345999303701,"Xaxis-dist-from-bottom":3.350977264560398,"grid-x":0.1,"grid-y":0.1,"force-scale":20}}