{"nodes":["0,0","30,0","12,0","5,5.400000000000001","-1.9000000000000001,6.799999999999999","2.6,12.3","9.4,14.399999999999999","23.2,12","28.4,7.199999999999999","18.4,3.8000000000000003","16.5,14.3"],"members":["0,3","0,4","4,5","5,6","3,6","1,8","8,7","3,2","2,9","9,1","9,8","9,7","6,10","10,7","9,10","6,2","3,5","3,4","6,9"],"supports":{"0":"P","1":"Rh"},"forces":["2,0,-20"],"workspace":{"workspace-width":45.700000000000195,"workspace-height":24.27812500000018,"workspace-width-pixels":1379,"Yaxis-dist-from-left":7.396534599930378,"Xaxis-dist-from-bottom":6.990039764560374,"grid-x":0.1,"grid-y":0.1,"force-scale":20}}